{
  "baseName" : "mmal service 16.1",
  "uniqueName" : "mmal_service_16.1",
  "nickname" : "mmal_service_16.1",
  "FOV" : 75.76079874010732,
  "path" : "/dev/video0",
  "cameraType" : "UsbCamera",
  "currentPipelineIndex" : -1,
  "calibrations" : [ {
    "resolution" : {
      "width" : 640.0,
      "height" : 480.0
    },
    "cameraIntrinsics" : {
      "rows" : 3,
      "cols" : 3,
      "type" : 6,
      "data" : [ 2101.3272962343945, 0.0, 271.09477449338624, 0.0, 1866.2522716049668, 249.1547036134908, 0.0, 0.0, 1.0 ]
    },
    "cameraExtrinsics" : {
      "rows" : 1,
      "cols" : 5,
      "type" : 6,
      "data" : [ -1.2784141097867479, 492.38684104147495, -0.1221670331610041, 0.0927119204651517, -15446.22207791958 ]
    },
    "perViewErrors" : [ 14.09229730957063, 25.452668662373416, 22.851749718493323, 1.0066368961771763, 0.9632783707199768, 1.9937049430283742, 0.7207511860467658, 9.83090392341902, 13.296550321462655, 14.945741653217402, 21.10223500759122, 0.8732441890285401 ],
    "standardDeviation" : 8.99594741986172
  }, {
    "resolution" : {
      "width" : 320.0,
      "height" : 240.0
    },
    "cameraIntrinsics" : {
      "rows" : 3,
      "cols" : 3,
      "type" : 6,
      "data" : [ 2517.164881614007, 0.0, 134.0027358148129, 0.0, 4681.931874235825, 68.7398335970817, 0.0, 0.0, 1.0 ]
    },
    "cameraExtrinsics" : {
      "rows" : 1,
      "cols" : 5,
      "type" : 6,
      "data" : [ 41.19306159182951, -8526.391360035701, -0.23053076092263153, 0.4397448719660547, 2745.205922065341 ]
    },
    "perViewErrors" : [ 19.67998653892877, 14.43472845790476, 17.10567651921725, 14.841520544196936, 2.0935694718548548, 1.694522752670183, 1.7002760661829641, 1.7377797280579563, 17.584186107110355, 19.415791201640268, 1.5695160147246487, 19.348847617928104, 2.2145347935241704, 17.545769538053474, 17.251991408523782, 15.68434470736687, 15.956383933164963, 15.26718204150227, 14.843476129978887, 1.7871260762081098, 15.535723362353558, 1.588997993506731 ],
    "standardDeviation" : 7.325712246274551
  }, {
    "resolution" : {
      "width" : 1920.0,
      "height" : 1080.0
    },
    "cameraIntrinsics" : {
      "rows" : 3,
      "cols" : 3,
      "type" : 6,
      "data" : [ 3550.9587461178708, 0.0, 990.1599794865635, 0.0, 5687.088487216764, 768.6242191645573, 0.0, 0.0, 1.0 ]
    },
    "cameraExtrinsics" : {
      "rows" : 1,
      "cols" : 5,
      "type" : 6,
      "data" : [ -19.8545779485081, 510.0137173954425, -0.1432845589621379, -0.07587561107860662, -3679.4884059108927 ]
    },
    "perViewErrors" : [ 57.05060368743393, 107.92180779439937, 80.03268707216321, 78.53723687780808, 79.77916646728524, 78.28978847514308, 9.399165094866824, 75.40039185063318, 20.51124173099547, 73.51200603291373, 95.91171590958812, 96.25293828681097, 126.29457836448371, 133.12551505084573 ],
    "standardDeviation" : 33.14077797769991
  }, {
    "resolution" : {
      "width" : 960.0,
      "height" : 720.0
    },
    "cameraIntrinsics" : {
      "rows" : 3,
      "cols" : 3,
      "type" : 6,
      "data" : [ 780.875846723897, 0.0, 457.7828234814091, 0.0, 783.8537729665148, 332.0266952784107, 0.0, 0.0, 1.0 ]
    },
    "cameraExtrinsics" : {
      "rows" : 1,
      "cols" : 5,
      "type" : 6,
      "data" : [ 0.23498718814162406, -0.6258712748268247, -7.309149138923074E-4, 9.466110439756482E-5, 0.5665031314392783 ]
    },
    "perViewErrors" : [ 0.26615548134825917, 0.29093414371701826, 0.41442827609388494, 0.3055519338587424, 0.41452548931266425, 0.2986040786481932, 0.27914523284626674, 0.28465429118306385, 0.28264289142098786, 0.3921901651809076, 0.38605097465193683, 0.3940960526346146, 0.3611373261014202 ],
    "standardDeviation" : 0.05542627043545927
  } ],
  "streamIndex" : 0
}